,Star_name,Distance,Mass,Radius
1,2MASS J08283419-1309198,,,
3,LHS 102BC,,,
15,2MASS J00034227-2822410,,,
32,2MASS J02511327+0047364,,,
118,TWA 27A,,,
119,TWA 27B,,,
178,2MASS J14112131-2119503,,,
27,2MASS J02103857-3015313,101,15,1.53
130,2MASS J13204427+0409045,101,67,1.01
195,WISE 0038+8405,101.8,,
68,2MASS J06085283-2753583,102,38,1.51
274,WISE 1147-2040,102,,
141,CFBDSIR 1458+10A,104,11.1,1.5
142,CFBDSIR 1458+10B,104,9,1.3
169,2MASS J20004841-7523070,105,25,1.88
216,WISE 0316+4307,106.3,,
315,WISE 1830+4542,107,,
100,2MASSI J1017075+130839 [de],108,,
172,2MASSW J2101154+175658,108,,
289,WISE 1506+7027,11.1,,
158,2MASS J16262034+3925190 [de],110,71,1.03
26,SDSS J020742.48+000056.2 [de],111,47,0.97
351,WISEA 1101+5400,111,,
175,HB 2124-4228,113,94,1.21
162,2MASSI J1726000+153819,114,24,1.40
125,2MASSW J1239272+551537 [de],119,,
33,Teegarden's star,12.578,80,1.27
116,2MASS J11544223-3400390 [de],129,37,1.50
105,DEN 1048-3956,13.15,77,1.07
76,UGPS J072227.51-054031.2,13.4,26,0.98
21,2MASS J01415823-4633574 [de],130,20,1.61
49,DENIS-P J035726.9-441730 [de],130,,
9,2MASS J00332386-1521309 [de],131,29,1.43
316,WISE 1841+7000,131.1,,
114,TWA 26,137,30,2.20
167,2MASSW J1841086+311727,138,67,1.01
54,2MASS J04362788-4114465,142,39,1.97
199,WISE 0106+1518,142.9,,
5,2MASS J00250365+4759191AB,143,,
186,2MASS J23225299-6151275,148,17,1.59
135,SDSS J141659.78+500626.4 [de],149,59,0.99
29,2MASS J02411151-0326587 [de],152,27,1.41
180,2MASSW J2208136+292121,154,27,1.41
28,2MASS J02340093-6442068,155,20,1.62
83,DENIS J081730.0-615520,16.1,44,0.94
36,DEN 0255-4700,16.2,80,0.97
300,WISE 1639-6847,16.3,,
20,2MASSI J0117474-340325 [de],163,20,1.62
110,Cha 110913-773444,163,8,1.8
96,2MASS 0939−2448,17.4,32,0.95
224,WISE 0350-5658,17.7,,
113,2MASS J11145133−2618235,18.2,33,0.96
166,LSR J1835+3259,18.5,77,1.07
50,2MASS J04151954−0935066,18.6,30,0.95
308,WISE 1741+2553,18.9,,
109,TWA 28,180,36,2.39
34,2MASS J02535980+3206373,184,65,1.9
225,WISE 0359-5401,19.2,,
2,2MASS J00040288-6410358,192,19,1.63
39,2MASS J03231002-4631237,192,23,1.66
226,WISE 0410+1502,20,6,1.17
293,WISE 1541-2250,20,,
307,WISE 1738+2732,20,,
95,2MASSI J0937347+293142,20.0,42,0.94
203,WISE 0146+4234,20.5,,
144,2MASS 1503+2525,20.7,44,0.94
44,LP 944-20,20.9,73,1.43
120,2MASS J12074836-3900043,217,17,1.71
319,WISE 1928+2356,22.8,,
189,WISE 0005+3737,23.2,,
250,WISE 0713-2917,23.2,,
90,2MASSI J0835425-081923 [de],23.53,62,1.00
147,2MASS 1507−1627,23.9,60,0.99
6,2MASS J00274197+0503417,236,31,1.44
35,WISE J0254+0223,24,65,1.9
198,WISE 0049+2151,24.1,,
327,WISE 2056+1459,24.5,,
285,WISE 1405+5534,25.3,30,0.86
239,WISE 0607+2429,25.4,,
78,2MASS J07290002-3954043 [de],25.8,37,0.94
177,2MASS J21481628+4003593,26.3,55,0.99
332,WISE 2220-3628,26.4,,
126,TWA 29,262,25,2.00
43,2MASS J03341218-4953322,27.0,73,1.04
92,2MASS J08533619-0329321,27.6,77,1.07
160,WISEPA J164715.59+563208.2,28,41,0.94
215,WISE 0313+7807,28,,
248,WISE 0647-6232,28,,
301,WISE 1647+5632,28,,
11,2MASS 0036+1821,28.6,42,0.94
310,WISE 1800+0134,28.7,57,
55,2MASS J04390101-2353083 [de],29.5,48,0.97
77,2MASSI J0727182+171001 [de],29.6,41,0.94
134,ULAS J141623.94+134836.3,29.7,32,0.96
48,2MASS J03552337+1133437,29.8,20,1.32
17,CFBDS J005910.90–011401.3,30,23,
204,WISE 0148-7202,30,,
311,WISE 1804+3117,30,,
10,2MASS J00345157+0523050,31,42,0.94
117,2MASSW J1155395-372735 [de],31,64,1.00
258,WISE 0811-8051,32,,
176,2MASS J21392676+0220226,32.1,46,0.96
296,WISE 1614+1739,32.6,,
275,WISE 1150+6302,32.9,,
281,WISE 1318-1758,32.9,,
283,WISE 1322-2340,33.9,,
14,2MASS J00501994-3322402 [de],34,40,0.94
53,2MASS J04351612-1606574,34,100,1.26
66,2MASS J05591914-1404488 [de],34,,
150,2MASSW J1515008+484742 [de],34,57,0.99
276,WISE 1217+1626A,34.2,12,
277,WISE 1217+1626B,34.2,6,
322,WISE 2030+0749,34.2,,
104,2MASS J1047538+212423 [de],34.4,42,0.94
67,LSR 0602+3910 [de],34.6,28,1.41
253,WISE 0734-7157,34.9,,
30,2MASS J02431371−2453298,35,33,0.99
86,2MASS J08251968+2115521 [de],35,52,0.98
182,2MASS J22282889-4310262,35,42,0.94
143,TVLM 513-46546,35.1,75,1.05
230,WISE 0458+6434A,35.9,15,4.2
231,WISE 0458+6434B,35.9,10,3.8
339,WISE 2313-8037,35.9,,
121,2MASSI J1217110-031113 [de],36,42,0.94
157,SDSSp J162414.37+002915.6 [de],36,43,0.94
314,WISE 1828+2650,36,,
220,WISE 0325+0831,36.5,,
194,WISE 0038+2758,36.9,,
153,2MASS J15462718-3325111 [de],37,44,0.94
247,WISE 0627-1114,37.2,,
321,WISE 1959-3338,37.2,,
245,WISE 0623-0456,37.5,,
341,WISE 2325-4105,37.5,,
4,2MASS J00242463-0158201,37.7,79,1.09
344,WISE 2340-0745,37.8,,
127,SDSSp J125453.90-012247.4 [de],38,47,0.98
136,DENIS-P J142527.97-365023.4 [de],38,21,1.32
181,2MASSW J2224438-015852,38,61,0.99
137,LHS 2924,38.5,76,1.06
257,WISE 0759-4904,38.8,,
46,Teide 1,380,55,3.78
71,2MASS J06244595-4521548 [de],39,56,0.99
165,2MASS J18283572-4849046,39,45,0.95
256,WISE 0751-7634,39.1,,
302,WISE 1653+4444,39.5,,
13,WISEP J004701.06+680352.1 [fr],40,12,1.3
63,2MASS J0523−1403,40,68,1.01
74,2MASS J07003664+3157266 [de],40,,
271,WISE 1051-2138,40.8,,
294,WISE 1542+2230,41.1,,
65,SDSS J053951.99-005902.0,41.62,61,1.01
58,2MASS J04455387-3048204 [de],42,64,1.00
263,WISE 0857+5604,42.1,,
326,WISE 2019-1148,42.4,,
328,WISE 2134-7137,42.7,,
350,WISE 2359-7335,42.7,,
87,SDSSp J083008.12+482847.4 [de],43,48,0.99
91,2MASSI J0847287-153237 [de],43,64,1.00
122,2MASS J12255432-2739466,43,,
60,2MASS J05002100+0330501 [de],44,64,1.00
155,2MASSW J1555157-095605 [de],44,71,1.03
279,WISE 1311+0122,44.4,,
320,WISE 1952+7240,44.4,,
233,WISE 0513+0608,44.7,,
337,WISE 2255-3118,44.7,,
37,2MASS J03185403-3421292 [de],45,49,0.97
333,WISE 2226+0440,45,,
218,WISE 0323-6025,45.3,,
124,2M 1237+6526,45.6,41,0.94
222,WISE 0335+4310,45.7,,
251,WISE 0723+3403,45.7,,
98,2MASS J10073369-4555147,46,44,0.94
146,2MASSW J1506544+132106 [de],46,69,1.02
168,2MASS J18432213+4040209,46,96,1.22
260,WISE 0819-0335,46,,
330,WISE 2209-2734,46,,
335,WISE 2237+7228,46,,
347,WISE 2344+1034,46,,
0,SDSS J000013.54+255418.6 [de],46.1,48,0.99
7,2MASS J00275592+2219328,46.9,,
38,2MASS J03205965+1854233,47,88,1.15
138,2MASS J14392837+1929150,47,72,1.03
140,2MASS J14482563+1031590 [de],47,59,0.99
171,2MASSI J2057540-025230,47,70,1.02
208,WISE 0223-2932,47,,
232,WISE 0500-1223,47,,
236,WISE 0535-7500,47,,
313,WISE 1812+2721,47,,
254,WISE 0744+5628,47.3,,
269,WISE 1039-1600,47.3,,
196,WISE 0040+0900,47.6,,
267,WISE 1018-2445,47.6,,
325,WISE 2018-7423,47.9,,
56,2MASS J04414489+2301513,470,19,
47,2MASS J03510004-0052452,48,102,1.27
132,SDSSp J134646.45-003150.4 [de],48,44,0.94
156,2MASS J16150413+1340079 [de],48,42,0.94
191,WISE 0015-4615,48.6,,
346,WISE 2343-7418,48.6,,
79,SDSS J074201.41+205520.5 [de],49,43,0.94
108,DENIS-P J1058.7−1548,49,64,1.00
80,2MASS J0746425+200032 [fr],49.6,,
51,SDSSp J042348.57-041403.5 [de],50,,
93,2MASSI J0859254-194926 [de],50,50,0.98
159,2MASSW J1632291+190441 [de],50,49,0.97
243,WISE 0614+3912,50.2,,
297,WISE 1617+1807,50.2,,
299,WISE 1627+3255,50.2,,
238,WISE 0542-1628,50.6,,
273,WISE 1124-0421,50.6,,
324,WISE 2015+6646,50.6,,
291,WISE 1519+7009,50.9,,
19,SDSSp J010752.33+004156.1 [de],51,52,0.98
73,DENIS-P J0652197-253450 [de],51,75,1.05
133,2MASS J13595510-4034582,51,63,1.00
152,DENIS-P J153941.96-052042.4 [de],51,63,1.00
219,WISE 0325-3854,51.2,,
345,WISE 2342+0856,51.2,,
244,WISE 0614+0951,51.5,,
255,WISE 0750+2725,51.5,,
264,WISE 0906+4735,51.5,,
318,WISE 1906+4508,51.5,,
288,WISE 1457+5815,52.2,,
298,WISE 1622-0959,52.2,,
340,WISE 2319-1844,52.2,,
31,LP 771-21,53,78,1.08
103,2MASSW J1036530-344138 [de],53,49,0.97
148,TVLM 868-110639,53,79,1.08
270,WISE 1042-3842,53.2,,
334,WISE 2237-0614,53.5,,
210,WISE 0241-3653,53.8,,
249,WISE 0656+4205,54.1,,
348,WISE 2348-1028,54.1,,
221,WISE 0333-5856,54.8,,
349,WISE 2357+1227,54.8,,
81,DENIS-P J0751164-253043 [de],55,71,1.03
88,LHS 2021,55,88,1.15
99,2MASSI J1010148-040649 [de],55,51,0.98
223,WISE 0336-0143,55.4,,
278,WISE 1225-1013,55.4,,
295,WISE 1612-3420,55.4,,
317,WISE 1852+3537,55.4,,
111,OTS 44,554,15,
184,2MASSW J2244316+204343,56,12,1.29
185,2MASS J23224684-3133231,56,24,1.39
211,WISE 0245-3450,56.1,,
282,WISE 1320+6034,56.1,,
268,WISE 1019+6529,56.8,,
12,2MASSW J0045214+163445,57,23,1.62
212,WISE 0247+3725,57.1,,
235,WISE 0528-3308,57.4,,
202,WISE 0138-0322,57.7,,
240,WISE 0611-0410,57.7,,
272,WISE 1122+2550,57.7,,
206,WISE 0206+2640,58.4,,
331,WISE 2213+0911,58.7,,
40,SDSS J032553.17+042540.1,59,45,0.95
97,2MASS J09490860-1545485 [de],59,49,0.96
336,WISE 2239+1617,59.7,,
106,Luhman 16B,6.516,43,1.02
107,Luhman 16A,6.516,40,1.01
75,2MASS J07075327-4900503,60,72,1.03
82,2MASS J07522390+1612157,60,68,2.01
102,2MASS J10224821+5825453 [de],60,27,1.41
161,LSPM J1658+7027 [de],60,73,1.04
287,WISE 1436-1814,60,,
303,WISE 1711+3500,60.3,,
338,WISE 2301+0216,60.7,,
128,Kelu-1A,61,63,0.98
129,Kelu-1B,61,58,0.98
205,WISE 0150+3827,61.3,,
329,WISE 2157+2659,61.6,,
173,2MASSI J2104149-103736,62,69,1.02
305,WISE 1721+1117,62.3,,
197,WISE 0049+0441,62.6,,
193,WISE 0032-4946,62.9,,
112,SDSS J111010.01+011613.1,63,9,1.24
259,WISE 0812+4021,63.6,,
61,2MASS J05012406-0010452 [de],64,21,1.38
183,2MASS J22373255+3922398,64,73,1.04
242,WISE 0612-3036,64.9,,
265,WISE 0929+0409,64.9,,
23,DENIS-P J020529.0−115925A,65,,
24,DENIS-P J020529.0−115925B,65,,
25,DENIS-P J020529.0−115925C,65,,
72,2MASS J06411840-4322329 [de],65,67,1.01
131,SDSSp J132629.82-003831.5 [de],65,51,0.97
170,SDSS J204749.61-071818.3,65,46,0.96
123,DENIS-P J1228.2-1547,66,,
228,WISE 0413-4750,66.2,,
84,DENIS J082303.1−491201A,67,44,
85,DENIS J082303.1−491201B,67,28,
151,2MASSI J1526140+204341 [de],67,54,0.98
187,2MASS J23515044-2537367,67,88,1.16
200,WISE 0123+4142,67.2,,
246,WISE 0625+5646,67.2,,
154,2MASSW J1552591+294849 [de],68,30,1.43
261,WISE 0821+1443,68.2,,
59,2MASS J04510093-3402150 [de],69,72,1.04
69,WISEP J061135.13-041024.0A,69,65,
70,WISEP J061135.13-041024.0B,69,53,
229,WISE 0448-1935,69.8,,
18,2MASSI J0103320+193536,70,52,0.98
22,SDSS J015141.69+124429.6,70,47,0.97
342,WISE 2327-2730,70.8,,
145,CFBDS J150411+102717,71,44,0.94
192,WISE 0031-3840,71.8,,
139,LSPM J1440+1339,72,92,1.19
266,WISE 0952+1955,72.1,,
262,WISE 0836-1859,72.4,,
290,WISE 1517+0529,72.4,,
304,WISE 1717+6129,72.7,,
62,2MASS J05160945-0445499 [de],73,47,0.97
207,WISE 0221+3842,73.1,,
188,2MASSI J2356547-155310,74,80,1.09
312,WISE 1809+3838,74.4,,
213,WISE 0305+3954,75,,
89,SDSS J083048.80+012831.1 [de],77,46,0.96
201,WISE 0135+1715,77.3,,
252,WISE 0733+7544,78.3,,
163,2MASSW J1728114+394859,79,,
41,2MASS J03264225-2102057 [de],80,18,1.3
174,PSO J318.5−22,80,6.5,1.53
64,2MASS 0532+8246,81,83,
57,2MASS J04433764+0002040,82,22,1.78
214,WISE 0307+2904,82.8,,
309,WISE 1746-0338,83.8,,
292,WISE 1523+3125,84.5,,
217,WISE 0321-7347,84.8,,
237,WISE 0539-1034,84.8,,
286,WISE 1433-0837,84.8,,
52,2MASS J04285096-2253227 [de],85,80,1.09
227,WISE 0410+1411,85.8,,
280,WISE 1311+3629,86.1,,
190,WISE 0008-1739,87.1,,
8,2MASSW J0030300-145033,87.2,54,0.98
45,2MASP J0345432+254023,88,74,1.05
115,2MASSW J1146345+223053,89,,
149,SDSS J151114.66+060742.9 [de],89,,
164,SDSSp J175032.96+175903.9,90,47,0.97
343,WISE 2335+4222,90.3,,
209,WISE 0226-0211,91,,
284,WISE 1348+6603,91,,
179,2MASSW J2206450-421721,93,22,1.33
94,2MASSW J0920122+351742 [de],95,,
101,SDSS J102109.69-030420.1,95,,
241,WISE 0612-4920,95.2,,
16,2MASS J00584253-0651239 [de],96,29,1.43
323,WISE 2014+0424,96.2,,
306,WISE 1728+5716,97.8,,
42,2MASS J03284265+2302051 [de],98,54,0.98
234,WISE 0525+6739,98.2,,
